TIMES,DATE,NUM1,NUM2,NUM3,NUM4,NUM5,BNUM
1,1999/4/13,1,3,17,20,25,26
2,1999/4/27,2,11,12,21,30,28
3,1999/5/11,1,8,10,24,30,28
4,1999/5/25,11,12,14,20,31,29
5,1999/6/8,8,9,15,21,25,23
6,1999/6/22,2,11,16,24,29,4
7,1999/7/6,3,24,25,26,31,2
8,1999/7/20,22,24,25,28,30,21
9,1999/8/3,2,11,12,13,28,15
10,1999/8/17,8,19,21,23,30,5
11,1999/8/31,17,18,19,20,30,31
12,1999/9/14,5,9,13,16,19,21
13,1999/9/28,6,11,18,25,28,20
14,1999/10/5,2,21,24,26,29,28
15,1999/10/12,6,8,17,23,24,22
16,1999/10/19,2,20,24,26,27,23
17,1999/10/26,10,18,20,25,27,1
18,1999/11/2,1,14,16,23,25,27
19,1999/11/9,2,9,10,22,27,1
20,1999/11/16,14,20,22,25,30,15
21,1999/11/23,3,15,22,25,31,6
22,1999/11/30,4,6,26,28,30,14
23,1999/12/7,2,13,18,22,26,15
24,1999/12/14,12,14,19,26,28,15
25,1999/12/21,2,3,7,18,29,15
26,1999/12/28,7,8,9,14,15,4
27,2000/1/4,10,16,20,21,31,14
28,2000/1/11,2,9,15,22,29,11
29,2000/1/18,9,12,17,26,31,15
30,2000/1/25,10,15,17,18,30,16
31,2000/2/1,14,20,21,24,28,17
32,2000/2/8,2,11,13,16,24,20
33,2000/2/15,2,3,8,9,30,23
34,2000/2/22,4,9,18,28,29,12
35,2000/2/29,10,11,18,24,26,29
36,2000/3/7,4,8,15,16,21,25
37,2000/3/14,6,7,10,16,31,20
38,2000/3/21,11,16,17,19,31,4
39,2000/3/28,1,9,15,26,30,11
40,2000/4/4,4,16,24,25,27,5
41,2000/4/11,10,16,19,22,26,29
42,2000/4/18,2,5,19,24,31,28
43,2000/4/25,3,6,11,16,30,5
44,2000/5/2,5,18,20,25,27,11
45,2000/5/9,7,13,19,24,26,11
46,2000/5/16,2,10,22,23,26,6
47,2000/5/23,2,6,8,17,29,10
48,2000/5/30,2,9,11,13,31,18
49,2000/6/6,10,13,14,23,25,12
50,2000/6/13,4,5,6,8,10,26
51,2000/6/20,5,7,15,16,31,2
52,2000/6/27,4,10,12,26,31,20
53,2000/7/4,4,13,14,15,17,30
54,2000/7/11,4,5,15,18,21,16
55,2000/7/18,4,10,11,18,31,3
56,2000/7/25,1,3,7,10,27,16
57,2000/8/1,3,21,23,27,29,13
58,2000/8/8,1,2,4,10,24,20
59,2000/8/15,9,15,20,21,22,10
60,2000/8/22,16,17,22,23,26,30
61,2000/8/29,9,23,24,29,30,5
62,2000/9/5,5,10,13,17,29,6
63,2000/9/12,3,5,6,22,28,1
64,2000/9/19,5,10,11,12,23,15
65,2000/9/26,8,9,10,17,23,15
66,2000/10/3,5,6,12,17,20,1
67,2000/10/10,4,5,8,14,27,6
68,2000/10/17,5,6,21,22,24,11
69,2000/10/24,5,6,9,23,30,2
70,2000/10/31,1,5,7,17,21,15
71,2000/11/7,11,17,18,22,30,2
72,2000/11/14,8,10,24,28,30,12
73,2000/11/21,4,6,8,26,30,7
74,2000/11/28,4,6,16,22,28,9
75,2000/12/5,7,14,16,17,29,1
76,2000/12/12,6,11,13,16,23,3
77,2000/12/19,2,3,10,22,26,23
78,2000/12/26,4,11,19,20,22,28
79,2001/1/9,2,13,16,26,30,11
80,2001/1/16,7,10,13,18,22,4
81,2001/1/23,1,7,10,16,25,18
82,2001/1/30,1,3,11,27,30,8
83,2001/2/6,1,6,11,23,26,3
84,2001/2/13,1,15,29,30,31,16
85,2001/2/20,9,11,14,20,29,2
86,2001/2/27,2,8,13,20,24,9
87,2001/3/6,1,5,12,23,27,14
88,2001/3/13,4,19,26,27,30,3
89,2001/3/20,5,7,24,27,29,14
90,2001/3/27,6,12,14,21,27,15
91,2001/4/3,8,9,15,18,22,3
92,2001/4/10,2,3,11,22,30,31
93,2001/4/17,11,15,22,26,27,8
94,2001/4/24,16,19,20,26,29,27
95,2001/5/1,4,5,7,8,31,26
96,2001/5/8,1,5,6,14,27,17
97,2001/5/15,6,12,15,19,22,3
98,2001/5/22,1,2,9,11,20,4
99,2001/5/29,3,7,10,13,15,26
100,2001/6/5,11,12,19,20,31,3
101,2001/6/12,2,10,11,13,26,22
102,2001/6/19,5,10,11,25,28,23
103,2001/6/26,10,13,19,21,30,14
104,2001/7/3,3,4,7,21,30,31
105,2001/7/10,6,11,14,21,27,20
106,2001/7/17,3,5,11,12,18,2
107,2001/7/24,4,8,12,26,27,18
108,2001/7/31,6,10,20,27,29,19
109,2001/8/7,3,5,15,19,22,25
110,2001/8/14,3,7,13,22,27,2
111,2001/8/21,10,19,24,27,31,6
112,2001/8/28,5,7,15,26,27,1
113,2001/9/4,1,2,6,16,28,4
114,2001/9/11,3,5,6,7,11,8
115,2001/9/18,10,15,29,30,31,16
116,2001/9/25,2,7,13,18,23,11
117,2001/10/2,5,11,12,23,24,3
118,2001/10/9,2,4,12,20,23,14
119,2001/10/16,12,14,25,29,30,5
120,2001/10/23,8,12,14,18,27,24
121,2001/10/30,5,17,18,24,30,20
122,2001/11/6,1,8,23,27,28,9
123,2001/11/13,1,5,6,13,15,21
124,2001/11/20,5,7,17,19,27,9
125,2001/11/27,2,21,22,27,29,24
126,2001/12/4,7,16,18,22,25,21
127,2001/12/11,8,9,18,29,31,24
128,2001/12/18,3,6,22,24,27,26
129,2001/12/25,2,13,20,25,30,12
130,2002/1/8,3,4,11,17,26,5
131,2002/1/15,1,9,12,18,21,15
132,2002/1/22,7,13,17,19,24,18
133,2002/1/29,4,7,11,18,31,27
134,2002/2/5,4,5,13,16,18,20
135,2002/2/12,4,7,8,9,24,20
136,2002/2/19,5,11,14,18,28,8
137,2002/2/26,3,15,20,25,28,30
138,2002/3/5,1,4,21,30,31,16
139,2002/3/12,14,17,20,26,28,23
140,2002/3/19,8,9,17,20,29,6
141,2002/3/26,4,6,9,20,24,16
142,2002/4/2,10,11,24,25,30,8
143,2002/4/9,17,18,20,23,26,6
144,2002/4/16,4,13,14,19,28,5
145,2002/4/23,13,14,19,24,28,3
146,2002/4/30,1,6,11,12,18,8
147,2002/5/7,5,10,21,27,28,2
148,2002/5/14,2,7,19,26,31,24
149,2002/5/21,5,6,17,27,28,20
150,2002/5/28,2,11,16,24,26,4
151,2002/6/4,4,10,13,14,19,12
152,2002/6/11,1,2,11,22,30,27
153,2002/6/18,2,3,8,23,29,6
154,2002/6/25,2,10,16,19,22,17
155,2002/7/2,9,10,16,21,23,4
156,2002/7/9,2,3,13,19,31,15
157,2002/7/16,1,5,14,18,20,6
158,2002/7/23,3,14,16,20,31,25
159,2002/7/30,7,11,16,23,24,13
160,2002/8/6,4,23,24,30,31,27
161,2002/8/13,2,3,4,17,19,8
162,2002/8/20,6,14,17,23,31,20
163,2002/8/27,1,12,13,16,28,31
164,2002/9/3,7,9,16,26,30,28
165,2002/9/10,9,16,24,25,26,20
166,2002/9/17,8,13,21,24,28,16
167,2002/9/24,11,19,20,25,26,23
168,2002/10/1,2,8,11,16,30,17
169,2002/10/8,8,15,18,25,31,13
170,2002/10/15,2,7,14,20,22,5
171,2002/10/22,2,6,9,12,31,17
172,2002/10/29,1,4,14,21,28,3
173,2002/11/5,11,18,20,22,29,10
174,2002/11/12,1,3,8,21,22,2
175,2002/11/19,8,12,17,19,24,5
176,2002/11/26,12,14,24,26,30,18
177,2002/12/3,7,13,17,21,30,20
178,2002/12/10,3,24,26,28,31,20
179,2002/12/17,1,7,26,30,31,12
180,2002/12/24,17,18,19,21,28,22
181,2003/1/7,1,3,14,16,26,12
182,2003/1/14,2,10,14,23,24,6
183,2003/1/21,3,9,13,25,26,7
184,2003/1/28,2,10,23,30,31,16
185,2003/2/4,7,19,20,25,28,2
186,2003/2/11,8,12,20,21,25,22
187,2003/2/18,4,6,17,24,25,1
188,2003/2/25,7,16,24,25,28,30
189,2003/3/4,9,16,22,25,26,3
190,2003/3/11,4,5,21,27,29,2
191,2003/3/18,1,6,8,12,13,2
192,2003/3/25,6,7,10,11,17,3
193,2003/4/1,6,8,18,20,22,11
194,2003/4/8,3,6,15,17,23,1
195,2003/4/15,1,2,6,15,23,21
196,2003/4/22,2,4,14,21,22,16
197,2003/4/29,8,18,20,21,31,1
198,2003/5/6,13,20,21,25,28,14
199,2003/5/13,1,9,21,26,29,25
200,2003/5/20,1,4,12,13,18,25
201,2003/5/27,3,5,23,25,26,17
202,2003/6/3,6,10,11,18,31,25
203,2003/6/10,4,10,18,22,25,20
204,2003/6/17,7,18,22,24,29,9
205,2003/6/24,3,4,13,14,23,12
206,2003/7/1,6,8,12,27,31,24
207,2003/7/8,3,4,10,16,25,7
208,2003/7/15,6,10,13,16,17,29
209,2003/7/22,7,17,23,27,29,12
210,2003/7/29,9,10,18,19,29,21
211,2003/8/5,9,10,13,18,22,15
212,2003/8/12,1,5,10,14,30,26
213,2003/8/19,1,2,3,9,29,27
214,2003/8/26,2,8,16,18,28,12
215,2003/9/2,4,15,20,21,28,16
216,2003/9/9,3,7,13,16,17,2
217,2003/9/16,2,8,17,19,23,21
218,2003/9/23,9,16,24,25,29,23
219,2003/9/30,1,15,17,21,28,6
220,2003/10/7,9,10,11,21,29,5
221,2003/10/14,4,8,14,22,26,9
222,2003/10/21,10,18,21,26,28,9
223,2003/10/28,4,10,16,19,22,21
224,2003/11/4,12,16,27,30,31,14
225,2003/11/11,13,14,18,24,26,16
226,2003/11/18,4,12,14,26,30,28
227,2003/11/25,2,4,7,21,30,20
228,2003/12/2,10,17,21,24,27,2
229,2003/12/9,12,19,23,24,30,6
230,2003/12/16,4,16,17,25,26,19
231,2003/12/23,3,4,10,11,24,28
232,2003/12/30,3,12,20,24,26,31
233,2004/1/6,8,14,19,21,29,25
234,2004/1/13,16,18,22,23,26,2
235,2004/1/20,5,6,16,17,31,8
236,2004/1/27,14,17,23,24,29,3
237,2004/2/3,6,8,17,18,28,20
238,2004/2/10,13,15,17,22,25,26
239,2004/2/17,16,18,21,23,27,31
240,2004/2/24,2,6,14,28,29,11
241,2004/3/2,1,2,4,13,26,7
242,2004/3/9,5,12,23,27,31,14
243,2004/3/16,4,11,15,27,28,1
244,2004/3/23,6,11,21,22,25,15
245,2004/3/30,1,10,14,21,28,23
246,2004/4/6,1,12,15,20,23,4
247,2004/4/13,7,11,19,27,31,2
248,2004/4/20,4,13,16,24,29,12
249,2004/4/27,9,11,12,18,20,7
250,2004/5/4,1,3,11,12,31,22
251,2004/5/11,1,3,19,20,23,28
252,2004/5/18,12,18,24,27,31,22
253,2004/5/25,1,3,10,21,25,29
254,2004/6/1,3,7,22,25,29,27
255,2004/6/8,12,17,20,27,29,18
256,2004/6/15,5,9,15,16,27,28
257,2004/6/22,2,9,12,20,31,10
258,2004/6/29,4,6,9,19,22,5
259,2004/7/6,5,7,11,12,23,17
260,2004/7/13,6,7,17,19,23,28
261,2004/7/20,2,3,5,14,29,18
262,2004/7/27,5,19,23,27,28,2
263,2004/8/3,15,25,28,30,31,2
264,2004/8/10,2,4,7,25,30,15
265,2004/8/17,1,3,24,26,28,21
266,2004/8/24,3,8,25,28,31,6
267,2004/8/31,8,14,15,19,25,31
268,2004/9/7,17,18,20,27,31,13
269,2004/9/14,3,7,20,23,29,16
270,2004/9/21,9,10,11,14,19,21
271,2004/9/28,6,13,15,24,31,20
272,2004/10/5,4,16,21,28,29,9
273,2004/10/12,3,5,7,11,17,23
274,2004/10/19,7,8,9,16,25,12
275,2004/10/26,11,16,17,21,22,19
276,2004/11/2,12,16,19,20,23,11
277,2004/11/9,4,14,16,19,22,10
278,2004/11/16,8,12,13,14,24,16
279,2004/11/23,2,7,19,23,25,11
280,2004/11/30,4,9,13,15,19,12
281,2004/12/7,5,7,11,13,21,27
282,2004/12/14,1,2,18,27,29,13
283,2004/12/21,11,15,19,20,29,1
284,2004/12/28,1,5,8,11,18,30
285,2005/1/4,8,17,19,24,26,16
286,2005/1/11,14,15,20,22,30,2
287,2005/1/18,2,7,14,19,21,1
288,2005/1/25,6,16,21,29,31,18
289,2005/2/1,5,6,11,24,28,18
290,2005/2/8,3,8,11,23,30,5
291,2005/2/15,4,8,21,23,26,22
292,2005/2/22,2,7,13,25,31,17
293,2005/3/1,14,15,16,24,25,12
294,2005/3/8,14,23,26,29,31,28
295,2005/3/15,8,14,16,17,26,5
296,2005/3/22,8,14,18,24,29,19
297,2005/3/29,5,9,18,25,30,31
298,2005/4/5,8,10,12,15,22,16
299,2005/4/12,2,9,15,26,31,11
300,2005/4/19,10,13,16,22,28,7
301,2005/4/26,5,11,16,26,31,12
302,2005/5/3,6,7,9,14,20,22
303,2005/5/10,13,14,16,19,25,1
304,2005/5/17,3,10,11,14,20,17
305,2005/5/24,10,11,13,16,24,22
306,2005/5/31,17,20,23,24,31,11
307,2005/6/7,2,10,15,21,28,12
308,2005/6/14,1,13,17,22,27,16
309,2005/6/21,8,14,17,22,23,1
310,2005/6/28,6,14,17,24,25,11
311,2005/7/5,2,17,19,28,29,10
312,2005/7/12,7,12,17,18,21,11
313,2005/7/19,1,7,26,27,31,30
314,2005/7/26,2,7,16,18,20,28
315,2005/8/2,7,11,15,28,31,14
316,2005/8/9,24,25,28,29,30,27
317,2005/8/16,8,10,11,22,23,12
318,2005/8/23,9,18,19,30,31,16
319,2005/8/30,3,20,21,22,27,9
320,2005/9/6,6,7,13,28,30,12
321,2005/9/13,2,11,18,21,27,15
322,2005/9/20,5,8,10,28,31,2
323,2005/9/27,5,15,19,22,27,29
324,2005/10/4,5,6,13,29,30,17
325,2005/10/11,8,11,13,15,28,22
326,2005/10/18,1,3,6,11,25,12
327,2005/10/25,8,14,19,25,28,16
328,2005/11/1,1,2,11,12,18,8
329,2005/11/8,5,14,15,17,29,10
330,2005/11/15,3,13,15,19,24,8
331,2005/11/22,6,19,21,29,30,24
332,2005/11/29,4,9,24,28,29,25
333,2005/12/6,19,21,22,26,28,24
334,2005/12/13,7,12,22,23,25,13
335,2005/12/20,14,16,23,25,31,22
336,2005/12/27,10,14,20,27,28,8
337,2006/1/10,4,7,21,22,23,15
338,2006/1/17,1,3,19,21,27,9
339,2006/1/24,4,9,11,15,23,26
340,2006/1/31,10,14,18,23,25,31
341,2006/2/7,2,5,17,18,26,3
342,2006/2/14,2,15,24,25,27,9
343,2006/2/21,6,10,15,27,30,8
344,2006/2/28,4,9,13,21,23,31
345,2006/3/7,7,14,16,17,29,18
346,2006/3/14,4,14,18,26,31,3
347,2006/3/21,10,11,20,23,27,13
348,2006/3/28,8,9,11,12,18,23
349,2006/4/4,3,5,6,7,12,18
350,2006/4/11,3,9,22,24,28,27
351,2006/4/18,3,6,11,12,27,26
352,2006/4/25,5,7,14,17,30,29
353,2006/5/2,3,13,14,17,25,18
354,2006/5/9,3,6,17,19,30,1
355,2006/5/16,8,9,24,27,29,31
356,2006/5/23,6,11,17,19,22,21
357,2006/5/30,15,24,26,28,29,16
358,2006/6/6,4,13,18,27,31,23
359,2006/6/13,3,11,15,18,19,22
360,2006/6/20,6,11,20,27,28,5
361,2006/6/27,2,4,6,12,30,5
362,2006/7/4,4,17,19,20,31,7
363,2006/7/11,4,10,12,17,22,16
364,2006/7/18,5,9,13,20,23,18
365,2006/7/25,6,10,18,27,28,14
366,2006/8/1,2,11,14,19,30,3
367,2006/8/8,4,6,14,19,31,9
368,2006/8/15,1,8,17,28,29,6
369,2006/8/22,4,10,23,29,30,31
370,2006/8/29,10,12,16,26,28,21
371,2006/9/5,10,12,19,23,31,27
372,2006/9/12,1,5,22,25,30,12
373,2006/9/19,3,5,11,12,29,22
374,2006/9/26,9,17,27,28,29,8
375,2006/10/3,1,10,20,23,24,16
376,2006/10/10,7,13,21,25,28,2
377,2006/10/17,1,12,20,21,30,6
378,2006/10/24,6,8,15,21,24,5
379,2006/10/31,2,8,15,19,28,26
380,2006/11/7,2,11,12,17,31,15
381,2006/11/14,3,9,19,22,23,21
382,2006/11/21,7,9,11,14,23,19
383,2006/11/28,4,7,9,17,31,12
384,2006/12/5,4,9,15,25,29,5
385,2006/12/12,6,14,20,24,27,3
386,2006/12/19,1,3,5,7,23,14
387,2006/12/26,16,26,28,29,30,11
388,2007/1/9,4,8,19,27,31,11
389,2007/1/16,8,11,13,27,30,6
390,2007/1/23,11,14,23,29,30,20
391,2007/1/30,1,10,15,30,31,21
392,2007/2/6,3,13,15,25,30,26
393,2007/2/13,15,17,18,22,30,11
394,2007/2/20,2,5,21,27,31,25
395,2007/2/27,6,21,22,23,31,3
396,2007/3/6,1,6,21,25,28,22
397,2007/3/13,1,14,17,24,25,29
398,2007/3/20,10,17,25,27,31,26
399,2007/3/27,7,13,23,27,31,8
400,2007/4/3,12,20,22,24,25,26
401,2007/4/10,11,13,18,26,30,6
402,2007/4/17,10,20,22,24,27,8
403,2007/4/24,2,5,16,30,31,18
404,2007/5/1,1,8,11,26,28,24
405,2007/5/8,8,9,13,27,31,17
406,2007/5/15,5,13,19,28,29,1
407,2007/5/22,5,15,21,22,31,10
408,2007/5/29,7,12,22,26,30,4
409,2007/6/5,2,11,19,27,28,5
410,2007/6/12,3,10,19,20,31,15
411,2007/6/19,5,8,12,19,22,11
412,2007/6/26,1,5,6,9,23,16
413,2007/7/3,8,14,21,23,29,17
414,2007/7/10,5,7,10,20,27,21
415,2007/7/17,11,16,24,28,30,22
416,2007/7/24,4,6,13,15,22,7
417,2007/7/31,3,9,12,23,24,22
418,2007/8/7,13,16,22,27,30,4
419,2007/8/14,5,12,19,20,27,28
420,2007/8/21,2,10,13,23,27,18
421,2007/8/28,11,14,24,28,29,16
422,2007/9/4,10,12,15,21,27,24
423,2007/9/11,8,14,16,24,31,7
424,2007/9/18,3,4,8,11,31,24
425,2007/9/25,4,10,20,25,28,6
426,2007/10/2,3,15,17,21,26,29
427,2007/10/9,9,14,19,20,26,16
428,2007/10/16,11,20,24,27,29,21
429,2007/10/23,11,18,22,26,30,20
430,2007/10/30,3,7,16,18,21,27
431,2007/11/6,3,12,14,24,25,2
432,2007/11/13,3,9,14,22,25,12
433,2007/11/20,1,12,17,20,27,14
434,2007/11/27,1,6,10,11,22,18
435,2007/12/4,8,19,22,25,27,6
436,2007/12/11,7,8,18,21,24,17
437,2007/12/18,9,13,15,28,31,12
438,2007/12/25,1,2,10,13,21,16
439,2008/1/8,10,17,19,21,23,16
440,2008/1/15,5,12,13,21,30,28
441,2008/1/22,6,8,19,28,30,17
442,2008/1/29,5,8,19,24,30,17
443,2008/2/5,5,17,22,23,30,20
444,2008/2/12,1,11,17,30,31,13
445,2008/2/19,7,16,18,26,31,25
446,2008/2/26,10,11,15,16,17,4
447,2008/3/4,14,17,20,25,26,8
448,2008/3/11,1,7,12,17,18,25
449,2008/3/18,7,8,10,11,20,12
450,2008/3/25,2,5,8,13,27,26
451,2008/4/1,3,7,12,14,16,31
452,2008/4/8,2,12,16,18,30,20
453,2008/4/15,4,7,12,17,27,24
454,2008/4/22,2,5,13,20,24,12
455,2008/4/29,1,10,16,24,26,9
456,2008/5/6,6,8,10,16,20,2
457,2008/5/13,2,16,17,22,28,11
458,2008/5/20,6,8,15,24,31,1
459,2008/5/27,12,13,26,27,29,2
460,2008/6/3,10,11,25,27,30,4
461,2008/6/10,6,12,17,20,26,11
462,2008/6/17,4,19,22,25,29,27
463,2008/6/24,12,13,16,21,23,18
464,2008/7/1,1,12,16,22,28,15
465,2008/7/8,13,18,21,25,28,7
466,2008/7/15,15,16,19,20,29,17
467,2008/7/22,1,2,13,15,23,26
468,2008/7/29,7,8,13,24,27,10
469,2008/8/5,5,9,12,16,19,3
470,2008/8/12,11,15,22,30,31,14
471,2008/8/19,13,17,20,23,30,28
472,2008/8/26,4,15,17,20,21,3
473,2008/9/2,4,5,18,20,26,3
474,2008/9/9,5,12,14,18,23,11
475,2008/9/16,8,9,12,14,24,30
476,2008/9/23,3,10,12,20,24,13
477,2008/9/30,1,4,13,20,28,31
478,2008/10/7,3,17,18,22,25,5
479,2008/10/14,14,22,26,27,29,21
480,2008/10/21,5,7,18,25,31,23
481,2008/10/28,3,7,13,16,25,31
482,2008/11/4,2,16,20,24,29,5
483,2008/11/11,7,20,23,27,29,25
484,2008/11/18,1,3,4,19,29,27
485,2008/11/25,3,8,10,15,31,18
486,2008/12/2,5,8,20,22,26,19
487,2008/12/9,15,17,20,22,29,16
488,2008/12/16,10,15,17,23,29,24
489,2008/12/23,2,4,9,22,31,17
490,2008/12/30,7,9,13,21,24,11
491,2009/1/6,8,10,16,20,23,6
492,2009/1/13,3,8,9,11,20,18
493,2009/1/20,1,11,12,13,17,26
494,2009/1/27,2,10,14,26,28,18
495,2009/2/3,7,10,22,26,27,5
496,2009/2/10,4,10,11,22,30,9
497,2009/2/17,4,21,23,27,28,26
498,2009/2/24,2,15,20,23,30,3
499,2009/3/3,2,8,14,15,26,31
500,2009/3/10,19,20,23,25,28,5
501,2009/3/17,12,13,16,17,21,22
502,2009/3/24,2,3,5,13,14,1
503,2009/3/31,11,18,21,23,27,3
504,2009/4/7,8,10,24,28,31,9
505,2009/4/14,5,16,19,20,22,28
506,2009/4/21,4,14,15,23,24,11
507,2009/4/28,10,19,26,27,28,2
508,2009/5/5,3,6,9,14,25,1
509,2009/5/12,2,13,22,29,30,8
510,2009/5/19,18,19,21,23,30,25
511,2009/5/26,13,16,26,28,31,11
512,2009/6/2,8,14,25,29,30,7
513,2009/6/9,3,11,18,19,25,8
514,2009/6/16,15,16,21,25,30,14
515,2009/6/23,5,21,24,25,26,31
516,2009/6/30,3,12,14,15,26,5
517,2009/7/7,12,26,28,29,30,5
518,2009/7/14,11,16,18,20,27,23
519,2009/7/21,2,9,25,29,31,4
520,2009/7/28,2,3,11,14,30,8
521,2009/8/4,4,9,14,25,26,15
522,2009/8/11,4,19,22,23,27,31
523,2009/8/18,8,17,18,19,24,10
524,2009/8/25,7,10,17,22,24,12
525,2009/9/1,1,14,21,25,27,6
526,2009/9/8,4,5,16,21,31,26
527,2009/9/15,11,13,15,23,25,4
528,2009/9/22,2,11,14,15,21,8
529,2009/9/29,5,7,14,16,20,15
530,2009/10/6,2,3,5,16,19,10
531,2009/10/13,13,21,22,26,27,19
532,2009/10/20,5,10,21,27,28,18
533,2009/10/27,6,13,19,23,31,20
534,2009/11/3,7,22,25,26,30,4
535,2009/11/10,18,20,23,24,31,7
536,2009/11/17,14,18,20,22,24,19
537,2009/11/24,9,10,27,29,30,5
538,2009/12/1,8,10,13,20,21,31
539,2009/12/8,9,18,23,26,29,5
540,2009/12/15,2,19,22,27,29,6
541,2009/12/22,1,9,10,16,23,30
542,2009/12/29,3,9,11,20,27,21
543,2010/1/5,4,7,17,22,25,30
544,2010/1/12,3,9,18,29,30,28
545,2010/1/19,1,15,23,28,29,2
546,2010/1/26,3,8,19,22,29,20
547,2010/2/2,5,23,25,29,31,28
548,2010/2/9,5,6,16,23,29,31
549,2010/2/16,10,12,19,24,25,14
550,2010/2/23,8,16,22,28,31,3
551,2010/3/2,1,2,10,24,31,28
552,2010/3/9,7,11,14,17,28,29
553,2010/3/16,2,13,23,24,30,15
554,2010/3/23,2,6,23,24,28,9
555,2010/3/30,1,15,18,24,29,23
556,2010/4/6,4,6,16,17,24,26
557,2010/4/13,8,18,21,22,28,31
558,2010/4/20,4,10,16,22,30,27
559,2010/4/27,2,4,7,11,16,25
560,2010/5/4,11,13,17,29,30,5
561,2010/5/11,1,5,6,16,25,18
562,2010/5/18,2,7,12,15,17,23
563,2010/5/25,4,5,18,19,30,1
564,2010/6/1,9,17,19,22,29,6
565,2010/6/8,18,19,20,28,29,13
566,2010/6/15,3,8,23,28,30,31
567,2010/6/22,10,12,20,24,25,17
568,2010/6/29,8,12,16,24,30,23
569,2010/7/6,10,17,23,26,28,5
570,2010/7/13,1,2,5,6,10,8
571,2010/7/20,9,22,27,28,29,26
572,2010/7/27,1,6,18,23,29,21
573,2010/8/3,15,21,22,23,29,5
574,2010/8/10,3,7,8,13,15,25
575,2010/8/17,10,16,20,21,27,24
576,2010/8/24,6,8,10,21,23,18
577,2010/8/31,5,10,21,24,25,13
578,2010/9/7,5,11,16,19,30,18
579,2010/9/14,1,4,15,17,23,8
580,2010/9/21,1,4,14,15,26,18
581,2010/9/28,2,6,12,14,30,3
582,2010/10/5,3,14,22,24,30,10
583,2010/10/12,1,3,10,11,16,24
584,2010/10/19,6,9,11,14,22,29
585,2010/10/26,14,19,23,24,31,29
586,2010/11/2,1,5,6,10,15,2
587,2010/11/9,11,17,19,29,30,1
588,2010/11/16,4,11,18,26,31,13
589,2010/11/23,3,10,13,22,26,12
590,2010/11/30,4,7,11,17,19,14
591,2010/12/7,4,8,9,13,19,12
592,2010/12/14,5,6,23,25,26,14
593,2010/12/21,11,14,22,28,29,25
594,2010/12/28,2,5,10,22,30,12
595,2011/1/4,7,11,15,20,23,3
596,2011/1/11,6,9,10,14,27,31
597,2011/1/18,2,13,16,17,19,29
598,2011/1/25,4,15,21,26,30,1
599,2011/2/1,3,7,10,11,29,25
600,2011/2/8,1,2,3,4,22,13
601,2011/2/15,10,14,15,16,24,28
602,2011/2/22,3,14,18,22,25,27
603,2011/3/1,4,5,26,28,30,15
604,2011/3/8,2,11,13,22,25,5
605,2011/3/15,5,6,13,19,28,17
606,2011/3/22,9,20,23,30,31,1
607,2011/3/29,7,8,12,18,30,17
608,2011/4/5,13,19,21,25,29,15
609,2011/4/12,3,14,21,26,30,25
610,2011/4/19,3,8,14,17,30,19
611,2011/4/26,12,18,21,25,30,17
612,2011/5/3,11,18,24,27,30,4
613,2011/5/10,2,16,17,20,28,14
614,2011/5/17,7,16,23,25,30,11
615,2011/5/24,4,12,13,19,20,10
616,2011/5/31,7,18,21,27,28,10
617,2011/6/7,3,9,16,19,28,25
618,2011/6/14,10,12,14,22,31,23
619,2011/6/21,4,7,14,20,30,28
620,2011/6/28,2,14,21,25,31,5
621,2011/7/5,6,12,18,24,30,9
622,2011/7/12,13,14,20,25,27,19
623,2011/7/19,4,9,14,15,26,29
624,2011/7/26,5,7,11,12,24,4
625,2011/8/2,19,20,23,26,31,6
626,2011/8/9,11,12,14,17,26,23
627,2011/8/16,6,10,14,15,20,19
628,2011/8/23,1,2,10,17,20,18
629,2011/8/30,1,3,16,26,29,31
630,2011/9/6,3,4,16,19,31,14
631,2011/9/13,3,15,18,20,25,29
632,2011/9/20,6,14,15,25,26,13
633,2011/9/27,2,12,19,20,30,13
634,2011/10/4,6,14,24,27,31,22
635,2011/10/11,12,13,16,20,29,11
636,2011/10/18,8,13,21,26,30,3
637,2011/10/25,1,5,10,15,21,11
638,2011/11/1,1,16,18,27,30,15
639,2011/11/8,6,14,20,29,31,22
640,2011/11/15,6,15,18,28,31,8
641,2011/11/22,5,11,14,17,22,15
642,2011/11/29,9,22,26,27,31,28
643,2011/12/6,9,11,17,19,22,6
644,2011/12/13,5,13,15,20,27,30
645,2011/12/20,8,13,18,19,24,11
646,2011/12/27,3,6,16,30,31,17
647,2012/1/10,3,6,7,10,21,18
648,2012/1/17,6,13,18,19,21,26
649,2012/1/24,3,11,18,19,21,12
650,2012/1/31,4,11,18,24,26,13
651,2012/2/7,8,11,15,20,31,18
652,2012/2/14,2,5,19,28,29,23
653,2012/2/21,11,16,20,22,30,21
654,2012/2/28,6,11,22,25,27,2
655,2012/3/6,7,9,12,14,18,24
656,2012/3/13,4,10,15,22,23,7
657,2012/3/20,9,14,18,23,30,10
658,2012/3/27,7,8,11,15,26,1
659,2012/4/3,5,9,22,30,31,3
660,2012/4/10,7,12,15,30,31,18
661,2012/4/17,2,6,9,19,20,27
662,2012/4/24,7,9,15,28,31,26
663,2012/5/1,1,9,10,21,31,23
664,2012/5/8,6,9,11,16,29,4
665,2012/5/15,7,12,17,20,28,9
666,2012/5/22,10,11,17,24,29,26
667,2012/5/29,8,9,19,26,31,28
668,2012/6/5,7,9,16,27,29,30
669,2012/6/12,4,7,8,25,31,14
670,2012/6/19,4,6,26,27,29,30
671,2012/6/26,7,14,19,22,27,28
672,2012/7/3,3,8,20,22,28,5
673,2012/7/10,6,12,21,24,25,22
674,2012/7/17,1,2,3,24,25,15
675,2012/7/24,6,21,27,28,31,20
676,2012/7/31,4,6,18,22,28,1
677,2012/8/7,10,16,23,24,30,18
678,2012/8/14,15,17,21,24,25,20
679,2012/8/21,5,11,23,29,31,28
680,2012/8/28,2,3,11,15,24,23
681,2012/9/4,6,12,17,19,30,9
682,2012/9/11,4,8,20,25,27,30
683,2012/9/18,1,7,15,23,26,11
684,2012/9/25,10,12,13,19,25,7
685,2012/10/2,8,11,19,21,30,1
686,2012/10/9,3,5,7,10,18,6
687,2012/10/16,2,9,17,24,29,22
688,2012/10/23,4,5,9,15,26,11
689,2012/10/30,12,13,19,23,25,28
690,2012/11/6,11,16,22,23,25,9
691,2012/11/13,3,9,10,20,25,31
692,2012/11/20,9,13,14,23,31,20
693,2012/11/27,5,17,21,24,25,3
694,2012/12/4,5,12,15,16,20,6
695,2012/12/11,4,19,20,27,28,14
696,2012/12/18,5,9,15,19,30,6
697,2012/12/25,5,7,17,25,27,18
698,2013/1/8,2,3,5,14,24,9
699,2013/1/15,6,12,21,24,28,15
700,2013/1/22,6,8,9,21,26,4
701,2013/1/29,4,8,13,15,26,3
702,2013/2/5,10,12,13,20,23,4
703,2013/2/12,3,10,16,28,31,15
704,2013/2/19,2,11,21,24,25,23
705,2013/2/26,8,16,18,21,22,27
706,2013/3/5,4,6,15,16,29,27
707,2013/3/12,2,11,23,27,29,3
708,2013/3/19,10,11,20,28,29,1
709,2013/3/26,2,5,16,17,18,30
710,2013/4/2,2,15,18,25,26,20
711,2013/4/9,3,5,10,17,25,22
712,2013/4/16,3,7,18,27,31,1
713,2013/4/23,4,13,22,28,31,16
714,2013/4/30,6,10,20,22,31,1
715,2013/5/7,2,3,5,9,22,18
716,2013/5/14,13,18,19,20,24,17
717,2013/5/21,3,5,14,23,26,1
718,2013/5/28,2,11,16,19,24,23
719,2013/6/4,2,9,18,22,27,16
720,2013/6/11,5,11,17,19,20,15
721,2013/6/18,3,5,12,15,22,2
722,2013/6/25,4,6,17,21,30,9
723,2013/7/2,4,7,9,25,31,18
724,2013/7/9,7,14,17,22,29,1
725,2013/7/16,6,11,26,28,30,19
726,2013/7/23,1,2,16,18,25,7
727,2013/7/30,4,7,14,16,24,27
728,2013/8/6,1,9,11,13,28,16
729,2013/8/13,13,16,17,20,29,11
730,2013/8/20,3,5,7,14,22,4
731,2013/8/27,7,9,18,28,30,11
732,2013/9/3,4,6,16,29,31,9
733,2013/9/10,5,9,11,18,20,31
734,2013/9/17,6,8,10,12,13,31
735,2013/9/24,3,14,16,23,30,7
736,2013/10/1,2,14,17,20,27,9
737,2013/10/8,5,12,18,19,23,16
738,2013/10/15,7,11,14,23,29,19
739,2013/10/22,1,4,19,24,31,18
740,2013/10/29,2,4,19,25,28,11
741,2013/11/5,6,11,12,15,25,10
742,2013/11/12,3,5,16,26,31,1
743,2013/11/19,4,15,18,20,30,5
744,2013/11/26,2,4,5,14,24,19
745,2013/12/3,3,10,13,14,22,15
746,2013/12/10,2,10,15,18,20,13
747,2013/12/17,1,12,23,29,30,9
748,2013/12/24,2,6,7,11,15,4
749,2014/1/7,1,11,14,16,30,25
750,2014/1/14,2,5,9,13,19,24
751,2014/1/21,7,15,18,19,30,8
752,2014/1/28,11,23,26,27,31,24
753,2014/2/4,2,10,20,23,24,26
754,2014/2/11,11,12,24,25,30,31
755,2014/2/18,20,21,22,25,27,14
756,2014/2/25,5,8,9,27,30,11
757,2014/3/4,12,15,21,25,27,22
758,2014/3/11,8,14,19,22,24,26
759,2014/3/18,8,18,23,24,30,4
760,2014/3/25,1,7,14,25,30,8
761,2014/4/1,7,14,16,21,31,17
762,2014/4/8,2,3,8,10,29,31
763,2014/4/15,3,5,12,14,18,8
764,2014/4/22,1,2,7,10,11,16
765,2014/4/29,16,19,20,22,31,26
766,2014/5/6,5,8,12,16,28,13
767,2014/5/13,6,8,10,25,31,27
768,2014/5/20,2,3,23,24,27,10
769,2014/5/27,3,11,15,22,24,29
770,2014/6/3,12,18,19,22,30,20
771,2014/6/10,7,11,22,26,30,27
772,2014/6/17,11,14,15,21,27,24
773,2014/6/24,1,2,6,11,26,17
774,2014/7/1,5,6,9,20,30,31
775,2014/7/8,5,6,14,24,31,15
776,2014/7/15,6,14,15,18,31,25
777,2014/7/22,4,10,20,22,24,21
778,2014/7/29,10,13,14,26,30,18
779,2014/8/5,1,8,9,10,13,18
780,2014/8/12,13,15,16,18,20,7
781,2014/8/19,2,7,10,21,24,4
782,2014/8/26,4,7,9,14,21,26
783,2014/9/2,4,5,10,15,20,8
784,2014/9/9,14,19,21,25,29,8
785,2014/9/16,7,21,22,26,28,5
786,2014/9/23,5,6,21,28,29,7
787,2014/9/30,11,15,22,26,31,7
788,2014/10/7,1,21,28,29,30,15
789,2014/10/14,4,5,11,16,31,19
790,2014/10/21,11,13,15,19,21,7
791,2014/10/28,6,16,18,30,31,10
792,2014/11/4,12,13,15,18,22,28
793,2014/11/11,6,10,18,20,31,24
794,2014/11/18,3,4,8,10,31,7
795,2014/11/25,2,6,11,14,18,1
796,2014/12/2,3,10,19,21,30,7
797,2014/12/9,8,9,29,30,31,18
798,2014/12/16,3,8,10,23,27,12
799,2014/12/23,1,2,17,19,26,24
800,2014/12/30,1,19,20,22,25,2
801,2015/1/6,5,7,20,22,25,17
802,2015/1/13,5,9,21,29,31,6
803,2015/1/20,2,4,18,19,27,23
804,2015/1/27,7,8,9,12,29,26
805,2015/2/3,8,9,11,17,30,3
806,2015/2/10,3,11,21,23,28,24
807,2015/2/17,5,7,13,17,19,3
808,2015/2/24,8,9,26,27,30,3
809,2015/3/3,2,8,11,13,25,1
810,2015/3/10,6,12,15,16,31,17
811,2015/3/17,8,9,10,13,21,18
812,2015/3/24,2,16,17,22,25,13
813,2015/3/31,3,6,9,14,15,17
814,2015/4/7,2,3,12,25,31,28
815,2015/4/14,20,21,26,27,28,3
816,2015/4/21,1,5,7,14,18,12
817,2015/4/28,1,10,23,27,29,18
818,2015/5/5,5,9,14,16,18,3
819,2015/5/12,2,9,14,15,24,13
820,2015/5/19,8,12,20,21,31,19
821,2015/5/26,6,8,18,21,23,30
822,2015/6/2,7,8,10,17,28,4
823,2015/6/9,6,10,14,18,23,9
824,2015/6/16,4,16,22,28,29,10
825,2015/6/23,3,8,12,21,26,19
826,2015/6/30,1,8,21,23,27,22
827,2015/7/7,3,4,6,23,31,10
828,2015/7/14,2,8,11,15,26,3
829,2015/7/21,8,12,19,23,31,6
830,2015/7/28,5,6,20,23,29,15
831,2015/8/4,7,9,17,19,21,3
832,2015/8/11,9,10,15,19,31,24
833,2015/8/18,6,9,15,24,28,12
834,2015/8/25,5,13,21,25,26,2
835,2015/9/1,1,9,11,23,29,17
836,2015/9/8,5,15,20,28,29,10
837,2015/9/15,4,5,9,24,25,31
838,2015/9/22,4,6,11,12,15,22
839,2015/9/29,2,6,14,27,30,12
840,2015/10/6,1,5,11,15,31,8
841,2015/10/13,5,6,7,13,18,8
842,2015/10/20,9,18,20,24,25,4
843,2015/10/27,2,14,23,28,30,26
844,2015/11/3,3,11,14,22,26,1
845,2015/11/10,3,10,22,24,30,28
846,2015/11/17,1,17,27,30,31,8
847,2015/11/24,7,18,19,21,31,15
848,2015/12/1,2,3,22,29,31,1
849,2015/12/8,4,14,17,19,20,26
850,2015/12/15,1,2,13,15,18,28
851,2015/12/22,10,19,20,24,31,23
852,2015/12/29,2,9,15,18,22,12
853,2016/1/5,6,11,17,18,30,28
854,2016/1/12,3,16,22,23,31,10
855,2016/1/19,2,7,17,22,24,25
856,2016/1/26,1,10,15,24,29,9
857,2016/2/2,2,4,21,24,28,29
858,2016/2/9,6,14,15,25,26,22
859,2016/2/16,13,17,19,28,31,25
860,2016/2/23,8,9,21,30,31,7
861,2016/3/1,4,8,12,17,27,3
862,2016/3/8,3,7,9,13,23,6
863,2016/3/15,1,2,11,27,28,21
864,2016/3/22,14,18,26,28,30,8
865,2016/3/29,3,8,16,17,31,9
866,2016/4/5,4,16,18,26,28,9
867,2016/4/12,13,23,24,28,30,31
868,2016/4/19,1,9,14,25,30,31
869,2016/4/26,2,14,16,19,30,5
870,2016/5/3,3,12,22,23,31,24
871,2016/5/10,4,17,24,27,31,19
872,2016/5/17,15,16,24,28,30,26
873,2016/5/24,4,6,10,23,29,3
874,2016/5/31,6,7,8,22,24,18
875,2016/6/7,2,3,8,11,28,10
876,2016/6/14,18,19,20,21,27,15
877,2016/6/21,5,14,20,22,23,16
878,2016/6/28,2,3,8,28,29,26
879,2016/7/5,2,13,24,27,31,12
880,2016/7/12,5,7,11,12,21,18
881,2016/7/19,10,11,17,29,30,15
882,2016/7/26,2,7,8,18,30,21
883,2016/8/2,1,17,18,21,25,23
884,2016/8/9,7,10,22,27,31,2
885,2016/8/16,9,17,21,24,27,11
886,2016/8/23,1,11,20,23,29,13
887,2016/8/30,3,4,19,28,29,23
888,2016/9/6,6,17,24,29,31,3
889,2016/9/13,5,6,12,17,22,23
890,2016/9/20,1,7,12,24,31,6
891,2016/9/27,10,17,29,30,31,25
892,2016/10/4,2,3,12,19,21,5
893,2016/10/11,11,14,20,22,25,5
894,2016/10/18,11,16,21,23,30,25
895,2016/10/25,7,8,9,11,14,22
896,2016/11/1,11,13,16,17,26,30
897,2016/11/8,16,17,18,23,31,29
898,2016/11/15,5,7,20,24,25,17
899,2016/11/22,1,7,19,20,31,29
900,2016/11/29,1,15,18,22,25,29
901,2016/12/6,2,10,13,23,24,27
902,2016/12/13,6,8,16,22,28,27
903,2016/12/20,2,5,21,24,29,4
904,2016/12/27,3,5,8,17,21,14
905,2017/1/10,4,17,18,22,27,10
906,2017/1/17,2,4,6,7,23,26
907,2017/1/24,3,4,10,22,31,6
908,2017/1/31,18,19,21,23,31,17
909,2017/2/7,3,12,14,20,27,22
910,2017/2/14,10,14,20,26,30,3
911,2017/2/21,2,3,4,13,16,17
912,2017/2/28,9,12,19,21,22,18
913,2017/3/7,2,9,17,21,23,28
914,2017/3/14,2,7,15,19,24,22
915,2017/3/21,14,22,24,26,27,7
916,2017/3/28,17,18,23,28,30,5
917,2017/4/4,1,9,10,24,27,13
918,2017/4/11,16,20,22,27,29,30
919,2017/4/18,4,7,9,15,23,11
920,2017/4/25,5,15,22,24,25,30
921,2017/5/2,6,8,10,14,30,13
922,2017/5/9,2,13,14,21,22,7
923,2017/5/16,8,20,21,22,27,19
924,2017/5/23,2,7,8,14,23,15
925,2017/5/30,9,14,19,27,30,16
926,2017/6/6,3,9,18,27,29,26
927,2017/6/13,1,6,7,17,18,16
928,2017/6/20,4,9,11,19,23,22
929,2017/6/27,2,4,5,11,20,22
930,2017/7/4,9,14,24,25,27,16
931,2017/7/11,2,3,18,24,25,9
932,2017/7/18,1,3,14,17,19,23
933,2017/7/25,3,4,22,26,29,5
934,2017/8/1,3,7,8,11,13,4
935,2017/8/8,3,11,13,20,31,16
936,2017/8/15,7,21,23,25,31,10
937,2017/8/22,5,12,13,15,24,25
938,2017/8/29,4,9,16,21,22,1
939,2017/9/5,8,12,20,23,28,16
940,2017/9/12,4,9,25,27,28,12
941,2017/9/19,3,11,12,15,28,17
942,2017/9/26,2,7,10,22,29,17
943,2017/10/3,4,11,18,28,30,10
944,2017/10/10,5,11,13,16,27,23
945,2017/10/17,14,17,21,25,31,15
946,2017/10/24,5,14,24,28,29,20
947,2017/10/31,3,7,19,24,27,16
948,2017/11/7,3,6,12,13,22,4
949,2017/11/14,1,2,5,6,21,25
950,2017/11/21,5,8,12,14,28,1
951,2017/11/28,3,9,12,26,27,25
952,2017/12/5,4,10,15,16,18,8
953,2017/12/12,4,5,9,22,29,2
954,2017/12/19,11,16,21,23,25,18
955,2017/12/26,9,12,17,21,30,28
956,2018/1/9,6,15,18,22,29,31
957,2018/1/16,2,15,26,29,31,3
958,2018/1/23,3,10,15,17,19,20
959,2018/1/30,2,3,9,14,19,15
960,2018/2/6,2,3,5,16,20,9
961,2018/2/13,2,11,18,20,29,3
962,2018/2/20,3,10,15,18,25,27
963,2018/2/27,4,7,17,21,28,10
964,2018/3/6,16,19,27,28,30,12
965,2018/3/13,7,13,15,19,28,23
966,2018/3/20,1,11,25,26,27,30
967,2018/3/27,4,7,11,14,31,2
968,2018/4/3,1,5,10,20,24,3
969,2018/4/10,1,4,18,24,27,6
970,2018/4/17,2,4,19,27,28,7
971,2018/4/24,7,17,18,20,24,13
972,2018/5/1,13,19,21,22,27,14
973,2018/5/8,1,7,12,13,31,30
974,2018/5/15,10,18,21,24,27,30
975,2018/5/22,10,18,19,28,29,16
976,2018/5/29,2,4,15,16,19,8
977,2018/6/5,9,17,21,22,23,5
978,2018/6/12,1,8,20,26,28,7
979,2018/6/19,1,10,23,25,28,12
980,2018/6/26,8,24,27,30,31,16
981,2018/7/3,10,11,19,28,30,22
982,2018/7/10,5,8,20,22,27,24
983,2018/7/17,6,10,12,15,23,25
984,2018/7/24,2,4,5,16,27,14
985,2018/7/31,5,11,16,17,26,3
986,2018/8/7,1,21,22,25,27,28
987,2018/8/14,6,13,15,17,21,22
988,2018/8/21,1,9,11,14,21,28
989,2018/8/28,2,7,10,16,30,24
990,2018/9/4,3,9,17,23,25,13
991,2018/9/11,1,3,9,15,30,6
992,2018/9/18,1,14,17,20,31,24
993,2018/9/25,1,4,24,29,30,10
994,2018/10/2,7,8,19,27,31,26
995,2018/10/9,1,5,14,21,30,12
996,2018/10/16,9,19,20,22,26,7
997,2018/10/23,1,3,8,11,14,16
998,2018/10/30,1,7,19,20,25,27
999,2018/11/6,6,17,18,20,29,26
1000,2018/11/13,3,8,14,18,26,7
1001,2018/11/20,5,12,16,22,27,18
1002,2018/11/27,2,9,11,20,27,5
1003,2018/12/4,11,14,15,22,29,10
1004,2018/12/11,1,18,22,27,30,20
1005,2018/12/18,5,13,18,26,31,11
1006,2018/12/25,10,15,19,23,26,6
1007,2019/1/8,2,10,11,25,31,17
1008,2019/1/15,3,4,22,26,27,11
1009,2019/1/22,2,8,17,23,27,4
1010,2019/1/29,10,17,20,21,30,15
1011,2019/2/5,9,16,21,30,31,27
1012,2019/2/12,1,13,18,26,29,8
1013,2019/2/19,1,6,11,19,28,8
1014,2019/2/26,4,17,19,20,25,5
1015,2019/3/5,3,5,6,20,25,27
1016,2019/3/12,5,21,23,25,27,22
1017,2019/3/19,9,16,21,23,24,8
1018,2019/3/26,13,16,23,27,29,15
1019,2019/4/2,5,6,16,23,24,3
1020,2019/4/9,3,12,17,24,30,31
1021,2019/4/16,13,19,23,25,29,8
1022,2019/4/23,5,13,24,27,29,22
1023,2019/4/30,2,12,22,23,26,25
1024,2019/5/7,4,11,12,23,28,3
1025,2019/5/14,3,4,13,19,23,18
1026,2019/5/21,3,14,15,22,26,1
1027,2019/5/28,5,6,17,21,27,19
1028,2019/6/4,2,3,8,16,27,17
1029,2019/6/11,3,4,9,11,29,5
1030,2019/6/18,21,24,26,27,28,22
1031,2019/6/25,5,8,17,21,23,15
1032,2019/7/2,1,9,14,21,26,29
1033,2019/7/9,2,12,14,24,31,22
1034,2019/7/16,12,22,27,28,29,10
1035,2019/7/23,3,8,11,16,31,26
1036,2019/7/30,7,14,16,23,28,9
1037,2019/8/6,7,19,23,24,27,17
1038,2019/8/13,2,5,21,23,30,8
1039,2019/8/20,4,19,22,24,30,12
1040,2019/8/27,7,10,13,25,27,30
1041,2019/9/3,3,9,14,15,27,31
1042,2019/9/10,11,12,19,23,28,7
1043,2019/9/17,7,9,23,24,25,30
1044,2019/9/24,12,19,27,28,30,1
1045,2019/10/1,3,5,7,10,18,16
1046,2019/10/8,16,23,24,28,29,12
1047,2019/10/15,8,12,19,25,26,9
1048,2019/10/22,1,8,11,19,23,12
1049,2019/10/29,2,16,21,26,31,27
1050,2019/11/5,2,15,19,23,28,10
1051,2019/11/12,7,11,12,21,22,5
1052,2019/11/19,4,8,9,14,26,5
1053,2019/11/26,2,3,13,16,23,14
1054,2019/12/3,2,19,25,26,31,22
1055,2019/12/10,1,5,18,19,21,9
1056,2019/12/17,3,12,14,21,25,10
1057,2019/12/24,9,13,21,23,26,1
1058,2020/1/7,2,16,19,24,27,20
1059,2020/1/14,2,11,13,16,18,3
1060,2020/1/21,19,23,24,28,31,11
1061,2020/1/28,5,10,19,23,28,9
1062,2020/2/4,14,18,23,29,31,17
1063,2020/2/11,10,18,20,26,27,25
1064,2020/2/18,1,5,8,28,29,7
1065,2020/2/25,8,11,14,16,31,10
1066,2020/3/3,15,17,20,22,23,21
1067,2020/3/10,2,10,13,15,28,26
1068,2020/3/17,2,3,20,24,31,9
1069,2020/3/24,1,3,9,14,25,20
1070,2020/3/31,7,9,11,27,31,21
1071,2020/4/7,2,3,4,27,31,7
1072,2020/4/14,3,4,10,12,13,31
1073,2020/4/21,2,13,21,24,30,14
1074,2020/4/28,15,18,20,22,27,21
1075,2020/5/5,4,11,13,16,31,6
1076,2020/5/12,5,7,11,22,26,15
1077,2020/5/19,3,17,19,25,31,4
1078,2020/5/26,3,10,16,17,25,24
1079,2020/6/2,2,6,14,16,26,4
1080,2020/6/9,4,5,13,19,21,14
1081,2020/6/16,2,3,4,24,25,8
1082,2020/6/23,1,2,14,19,29,5
1083,2020/6/30,1,3,19,26,29,5
1084,2020/7/7,11,19,28,29,31,2
1085,2020/7/14,9,10,16,17,28,13
1086,2020/7/21,2,18,19,28,30,16
1087,2020/7/28,1,3,4,9,16,28
1088,2020/8/4,2,8,14,17,26,4
1089,2020/8/11,3,13,18,19,22,29
1090,2020/8/18,4,12,15,22,25,10
1091,2020/8/25,1,14,25,29,31,30
1092,2020/9/1,9,13,14,19,22,25
1093,2020/9/8,2,12,17,23,30,8
1094,2020/9/15,3,5,8,14,22,21
1095,2020/9/22,4,10,16,21,24,6
1096,2020/9/29,1,2,12,20,22,8
1097,2020/10/6,5,12,18,19,24,16
1098,2020/10/13,3,13,17,28,31,19
1099,2020/10/20,1,3,5,14,23,15
1100,2020/10/27,13,18,19,25,27,16
1101,2020/11/3,1,8,10,12,29,13
1102,2020/11/10,8,13,20,26,29,6
1103,2020/11/17,1,6,7,21,31,18
1104,2020/11/24,7,16,20,23,28,6
1105,2020/12/1,4,11,16,21,26,9
1106,2020/12/8,2,18,21,25,30,19
1107,2020/12/15,7,10,16,18,29,5
1108,2020/12/22,6,10,14,17,19,27
1109,2020/12/29,7,15,17,26,27,8
1110,2021/1/5,2,7,19,23,28,3
1111,2021/1/12,2,3,4,13,31,29
1112,2021/1/19,5,6,8,13,25,29
1113,2021/1/26,19,20,21,26,27,12
1114,2021/2/2,7,18,21,25,26,12
1115,2021/2/9,2,4,6,11,29,20
1116,2021/2/16,7,24,25,27,29,10
1117,2021/2/23,4,13,22,27,30,19
1118,2021/3/2,8,13,16,27,29,11
1119,2021/3/9,9,10,12,17,18,14
1120,2021/3/16,2,10,11,17,31,26
1121,2021/3/23,13,19,21,24,25,16
1122,2021/3/30,8,9,14,25,28,11
1123,2021/4/6,7,17,26,28,29,24
1124,2021/4/13,3,4,6,8,27,12
1125,2021/4/20,2,6,10,14,21,18
1126,2021/4/27,6,8,20,30,31,25
1127,2021/5/4,8,22,24,27,28,16
1128,2021/5/11,4,7,13,24,30,2
1129,2021/5/18,5,9,16,29,30,12
1130,2021/5/25,5,6,8,25,26,11
1131,2021/6/1,6,8,11,24,29,23
1132,2021/6/8,3,4,14,15,18,5
1133,2021/6/15,14,17,23,28,30,7
1134,2021/6/22,6,13,20,23,28,21
1135,2021/6/29,7,19,21,23,28,24
1136,2021/7/6,11,15,20,22,23,4
1137,2021/7/13,7,8,21,25,31,14
1138,2021/7/20,14,20,23,28,29,27
1139,2021/7/27,12,16,17,24,31,22
1140,2021/8/3,7,11,17,19,28,25
1141,2021/8/10,9,12,17,18,27,22
1142,2021/8/17,11,23,25,29,30,18
1143,2021/8/24,3,4,16,19,27,23
1144,2021/8/31,4,11,14,21,30,27
1145,2021/9/7,11,14,20,28,31,12
1146,2021/9/14,4,5,11,29,30,24
1147,2021/9/21,6,8,23,27,29,21
1148,2021/9/28,1,3,6,15,19,10
1149,2021/10/5,5,12,14,15,20,7
1150,2021/10/12,1,10,13,27,29,14
1151,2021/10/19,14,18,21,30,31,9
1152,2021/10/26,2,12,14,23,27,21
1153,2021/11/2,17,25,27,29,30,15
1154,2021/11/9,9,10,12,21,24,27
1155,2021/11/16,1,9,13,16,19,18
1156,2021/11/23,1,3,14,27,30,7
1157,2021/11/30,2,6,7,13,30,17
1158,2021/12/7,1,14,23,25,26,29
1159,2021/12/14,11,12,14,18,31,6
1160,2021/12/21,7,19,22,24,31,21
1161,2021/12/28,3,9,13,17,24,29
1162,2022/1/4,2,21,23,24,29,11
1163,2022/1/11,2,9,11,22,29,3
1164,2022/1/18,4,9,19,26,31,25
1165,2022/1/25,5,13,16,27,31,24
1166,2022/2/1,6,11,14,17,25,24
1167,2022/2/8,2,14,21,27,30,23
1168,2022/2/15,5,13,14,24,31,2
1169,2022/2/22,1,7,9,21,27,13
1170,2022/3/1,2,16,18,20,28,29
1171,2022/3/8,1,3,6,16,23,31
1172,2022/3/15,11,24,26,28,29,22
1173,2022/3/22,3,4,13,16,27,9
1174,2022/3/29,5,6,21,29,30,27
1175,2022/4/5,1,7,15,16,29,2
1176,2022/4/12,1,12,20,27,29,17
1177,2022/4/19,3,10,16,21,30,7
1178,2022/4/26,1,5,9,13,22,31
1179,2022/5/3,18,19,20,25,30,27
1180,2022/5/10,13,15,16,26,29,27
1181,2022/5/17,2,9,13,16,22,15
1182,2022/5/24,7,10,20,22,28,21
1183,2022/5/31,3,7,9,14,15,23
1184,2022/6/7,5,8,12,19,27,15
1185,2022/6/14,1,14,16,17,22,4
1186,2022/6/21,9,13,15,24,28,17
1187,2022/6/28,3,5,6,11,23,16
1188,2022/7/5,2,25,26,29,31,6
1189,2022/7/12,6,7,16,17,22,9
1190,2022/7/19,3,20,23,24,28,29
1191,2022/7/26,11,16,20,25,26,7
1192,2022/8/2,4,10,11,22,31,28
1193,2022/8/9,1,4,8,11,20,15
1194,2022/8/16,3,5,7,18,20,30
1195,2022/8/23,3,10,11,13,14,4
1196,2022/8/30,1,5,17,19,23,26
1197,2022/9/6,7,9,17,26,27,24
1198,2022/9/13,10,11,17,30,31,1
1199,2022/9/20,6,13,19,23,28,10
1200,2022/9/27,2,16,18,22,24,4
1201,2022/10/4,1,2,16,23,30,8
1202,2022/10/11,4,5,15,27,30,12
1203,2022/10/18,4,7,8,12,19,23
1204,2022/10/25,5,10,12,18,20,4
1205,2022/11/1,11,12,16,24,28,20
1206,2022/11/8,7,9,12,14,30,19
1207,2022/11/15,2,8,14,25,28,7
1208,2022/11/22,5,10,15,16,27,26
1209,2022/11/29,12,14,17,27,28,29
1210,2022/12/6,14,26,27,30,31,10
1211,2022/12/13,4,8,16,25,26,12
1212,2022/12/20,14,19,23,30,31,26
1213,2022/12/27,17,21,23,25,26,6
1214,2023/1/10,5,9,10,19,26,2
1215,2023/1/17,1,2,3,5,20,6
1216,2023/1/24,10,12,18,25,28,13
1217,2023/1/31,8,10,14,20,25,30
1218,2023/2/7,1,3,4,7,11,16
1219,2023/2/14,9,10,13,21,29,11
1220,2023/2/21,2,5,11,12,30,16
1221,2023/2/28,4,11,13,21,26,19
1222,2023/3/7,4,18,23,26,28,7
1223,2023/3/14,1,11,21,26,31,25
1224,2023/3/21,1,5,8,11,22,14
1225,2023/3/28,1,7,15,29,31,19
1226,2023/4/4,2,5,13,18,21,4
1227,2023/4/11,1,5,11,20,26,14
1228,2023/4/18,1,4,18,19,26,22
1229,2023/4/25,1,5,7,12,27,26
1230,2023/5/2,4,18,21,22,23,28
1231,2023/5/9,1,14,20,21,31,5
1232,2023/5/16,4,5,17,27,29,6
1233,2023/5/23,3,8,17,19,23,22
1234,2023/5/30,4,14,15,27,28,22
1235,2023/6/6,8,12,17,22,28,5